﻿{"inkVersion":20,"root":[["^Kitty: Whats up buddy?","\n","^Doggo: Not much just eating my shoes.","\n","^Kitty: why???","\n",["ev",{"^->":"0.6.$r1"},{"temp=":"$r"},"str",{"->":".^.s"},[{"#n":"$r1"}],"/str","/ev",{"*":"0.c-0","flg":18},{"s":["^Because they're yummy.",{"->":"$r","var":true},null]}],["ev",{"^->":"0.7.$r1"},{"temp=":"$r"},"str",{"->":".^.s"},[{"#n":"$r1"}],"/str","/ev",{"*":"0.c-1","flg":18},{"s":["^Because I can.",{"->":"$r","var":true},null]}],["ev",{"^->":"0.8.$r1"},{"temp=":"$r"},"str",{"->":".^.s"},[{"#n":"$r1"}],"/str","/ev",{"*":"0.c-2","flg":18},{"s":["^Idk.",{"->":"$r","var":true},null]}],{"c-0":["ev",{"^->":"0.c-0.$r2"},"/ev",{"temp=":"$r"},{"->":"0.6.s"},[{"#n":"$r2"}],"\n","^Kitty: well, okay I guess. Can I try?","\n","^Doggo: you want to eat my shoes as well?","\n","^Kitty: hell yeah!","\n",[["ev",{"^->":"0.c-0.13.0.$r1"},{"temp=":"$r"},"str",{"->":".^.s"},[{"#n":"$r1"}],"/str","/ev",{"*":".^.^.c-0","flg":18},{"s":["^Well.... OKAY!",{"->":"$r","var":true},null]}],["ev",{"^->":"0.c-0.13.1.$r1"},{"temp=":"$r"},"str",{"->":".^.s"},[{"#n":"$r1"}],"/str","/ev",{"*":".^.^.c-1","flg":18},{"s":["^woof",{"->":"$r","var":true},null]}],{"c-0":["ev",{"^->":"0.c-0.13.c-0.$r2"},"/ev",{"temp=":"$r"},{"->":".^.^.0.s"},[{"#n":"$r2"}],"\n",{"->":"0.g-0"},{"#f":5}],"c-1":["ev",{"^->":"0.c-0.13.c-1.$r2"},"/ev",{"temp=":"$r"},{"->":".^.^.1.s"},[{"#n":"$r2"}],"\n",{"->":"0.g-0"},{"#f":5}]}],{"#f":5}],"c-1":["ev",{"^->":"0.c-1.$r2"},"/ev",{"temp=":"$r"},{"->":"0.7.s"},[{"#n":"$r2"}],"\n","^Kitty: I meannnn... I GUESS.","\n","^Doggo: Whats the problem?","\n","^Kitty: no problem, you're just weird!","\n",[["ev",{"^->":"0.c-1.13.0.$r1"},{"temp=":"$r"},"str",{"->":".^.s"},[{"#n":"$r1"}],"/str","/ev",{"*":".^.^.c-0","flg":18},{"s":["^Don't be Mean!",{"->":"$r","var":true},null]}],["ev",{"^->":"0.c-1.13.1.$r1"},{"temp=":"$r"},"str",{"->":".^.s"},[{"#n":"$r1"}],"/str","/ev",{"*":".^.^.c-1","flg":18},{"s":["^... you're right...",{"->":"$r","var":true},null]}],{"c-0":["ev",{"^->":"0.c-1.13.c-0.$r2"},"/ev",{"temp=":"$r"},{"->":".^.^.0.s"},[{"#n":"$r2"}],"\n",{"->":"0.g-0"},{"#f":5}],"c-1":["ev",{"^->":"0.c-1.13.c-1.$r2"},"/ev",{"temp=":"$r"},{"->":".^.^.1.s"},[{"#n":"$r2"}],"\n",{"->":"0.g-0"},{"#f":5}]}],{"#f":5}],"c-2":["ev",{"^->":"0.c-2.$r2"},"/ev",{"temp=":"$r"},{"->":"0.8.s"},[{"#n":"$r2"}],"\n",{"->":"0.g-0"},{"#f":5}],"g-0":[{"->":"next"},["done",{"#f":5,"#n":"g-1"}],{"#f":5}]}],"done",{"next":[[["^Kitty: doggy you are in a weird mood today.","\n","end",{"#f":5,"#n":"g-0"}],null],{"#f":1}],"#f":1}],"listDefs":{}}